{
 "SoundBanksInfo": {
  "Platform": "Windows",
  "BasePlatform": "Windows",
  "SchemaVersion": "16",
  "SoundBankVersion": "145",
  "SoundBanks": [
   {
    "Id": "1355168291",
    "Type": "User",
    "Language": "SFX",
    "Hash": "{986487A9-2683-E47A-8688-3D0FE6FDB954}",
    "ShortName": "Init",
    "Path": "Init.bnk",
    "Plugins": {
     "AudioDevices": [
      {
       "Id": "2317455096",
       "Name": "No_Output",
       "LibName": "No Output",
       "LibId": "11862023"
      },
      {
       "Id": "3859886410",
       "Name": "System",
       "LibName": "System",
       "LibId": "11403271"
      }
     ]
    },
    "Busses": [
     {
      "Id": "3803692087",
      "Name": "Master Audio Bus"
     }
    ],
    "SwitchGroups": [
     {
      "Id": "1834394558",
      "Name": "Surface",
      "Switches": [
       {
        "Id": "1216965916",
        "Name": "Stone"
       }
      ]
     }
    ]
   }
  ],
  "FileHash": "{24C67D98-0F3A-5981-713B-276A2991B0DB}"
 }
}