<?xml version="1.0" encoding="utf-8"?>
<SoundBanksInfo Platform="Windows" BasePlatform="Windows" SchemaVersion="16" SoundBankVersion="145">
	<SoundBanks>
		<SoundBank Id="1355168291" Type="User" Language="SFX" Hash="{986487A9-2683-E47A-8688-3D0FE6FDB954}">
			<ShortName>Init</ShortName>
			<Path>Init.bnk</Path>
			<Plugins>
				<AudioDevices>
					<Plugin Id="2317455096" Name="No_Output" LibName="No Output" LibId="11862023"/>
					<Plugin Id="3859886410" Name="System" LibName="System" LibId="11403271"/>
				</AudioDevices>
			</Plugins>
			<Busses>
				<Bus Id="3803692087" Name="Master Audio Bus"/>
			</Busses>
			<SwitchGroups>
				<SwitchGroup Id="1834394558" Name="Surface">
					<Switches>
						<Switch Id="1216965916" Name="Stone"/>
					</Switches>
				</SwitchGroup>
			</SwitchGroups>
		</SoundBank>
	</SoundBanks>
	<FileHash>{63A92404-23A5-B0DF-263D-C2C0880FB703}</FileHash>
</SoundBanksInfo>
