<?xml version="1.0" encoding="utf-8"?>
<SoundBanksInfo Platform="Windows" BasePlatform="Windows" SchemaVersion="16" SoundBankVersion="145">
	<SoundBanks>
		<SoundBank Id="3161908922" Type="User" Language="SFX" Hash="{781BB8F1-7C61-F836-A315-DDD299FCBB7A}">
			<ShortName>Main</ShortName>
			<Path>Main.bnk</Path>
			<Media>
				<File Id="91993012" Language="SFX" Streaming="false" Location="Memory">
					<ShortName>Menu-004.wav</ShortName>
					<CachePath>SFX/Menu-004_10C4C929.wem</CachePath>
				</File>
				<File Id="246600555" Language="SFX" Streaming="false" Location="Memory">
					<ShortName>Menu-002.wav</ShortName>
					<CachePath>SFX/Menu-002_10C4C929.wem</CachePath>
				</File>
				<File Id="281655352" Language="SFX" Streaming="false" Location="Memory">
					<ShortName>Weed Pull.wav</ShortName>
					<CachePath>SFX/Weed Pull_10C4C929.wem</CachePath>
				</File>
				<File Id="319638098" Language="SFX" Streaming="false" Location="Memory">
					<ShortName>Menu-005.wav</ShortName>
					<CachePath>SFX/Menu-005_9E41D643.wem</CachePath>
				</File>
				<File Id="350451266" Language="SFX" Streaming="false" Location="Memory">
					<ShortName>Footsteps_Stone-004.wav</ShortName>
					<CachePath>SFX/Footsteps_Stone-004_10C4C929.wem</CachePath>
				</File>
				<File Id="467296681" Language="SFX" Streaming="false" Location="Memory">
					<ShortName>GGJ OST.wav</ShortName>
					<CachePath>SFX/GGJ OST_D79FB2B7.wem</CachePath>
				</File>
				<File Id="565391606" Language="SFX" Streaming="false" Location="Memory">
					<ShortName>Menu-003.wav</ShortName>
					<CachePath>SFX/Menu-003_8788CF7A.wem</CachePath>
				</File>
				<File Id="705319263" Language="SFX" Streaming="false" Location="Memory">
					<ShortName>Footsteps_Stone-003.wav</ShortName>
					<CachePath>SFX/Footsteps_Stone-003_10C4C929.wem</CachePath>
				</File>
				<File Id="784833379" Language="SFX" Streaming="false" Location="Memory">
					<ShortName>AMBRurl_Atmos Forest Crickets Lite Birds Wind_PSE_BR-C_xR1qd.wav</ShortName>
					<CachePath>SFX/AMBRurl_Atmos Forest Crickets Lite Birds Wind_PSE_BR-C_xR1qd_9586928E.wem</CachePath>
				</File>
				<File Id="852591555" Language="SFX" Streaming="false" Location="Memory">
					<ShortName>Footsteps_Stone-001.wav</ShortName>
					<CachePath>SFX/Footsteps_Stone-001_10C4C929.wem</CachePath>
				</File>
				<File Id="869634634" Language="SFX" Streaming="false" Location="Memory">
					<ShortName>Footsteps_Stone-002.wav</ShortName>
					<CachePath>SFX/Footsteps_Stone-002_10C4C929.wem</CachePath>
				</File>
				<File Id="880584842" Language="SFX" Streaming="false" Location="Memory">
					<ShortName>Footsteps_Stone-007.wav</ShortName>
					<CachePath>SFX/Footsteps_Stone-007_10C4C929.wem</CachePath>
				</File>
				<File Id="896418579" Language="SFX" Streaming="false" Location="Memory">
					<ShortName>AMBRurl_Amb Bird Chirp_PSE_BW-BD3HL_xPX58.wav</ShortName>
					<CachePath>SFX/AMBRurl_Amb Bird Chirp_PSE_BW-BD3HL_xPX58_935CD4A5.wem</CachePath>
				</File>
				<File Id="924631278" Language="SFX" Streaming="false" Location="Memory">
					<ShortName>Footsteps_Stone-006.wav</ShortName>
					<CachePath>SFX/Footsteps_Stone-006_10C4C929.wem</CachePath>
				</File>
				<File Id="931340310" Language="SFX" Streaming="false" Location="Memory">
					<ShortName>Menu-006.wav</ShortName>
					<CachePath>SFX/Menu-006_10C4C929.wem</CachePath>
				</File>
				<File Id="961125371" Language="SFX" Streaming="false" Location="Memory">
					<ShortName>Footsteps_Stone-005.wav</ShortName>
					<CachePath>SFX/Footsteps_Stone-005_10C4C929.wem</CachePath>
				</File>
				<File Id="986951413" Language="SFX" Streaming="false" Location="Memory">
					<ShortName>Weed Grow.wav</ShortName>
					<CachePath>SFX/Weed Grow_10C4C929.wem</CachePath>
				</File>
				<File Id="1031000500" Language="SFX" Streaming="false" Location="Memory">
					<ShortName>Footsteps_Stone-008.wav</ShortName>
					<CachePath>SFX/Footsteps_Stone-008_10C4C929.wem</CachePath>
				</File>
				<File Id="1058918853" Language="SFX" Streaming="false" Location="Memory">
					<ShortName>Menu-001.wav</ShortName>
					<CachePath>SFX/Menu-001_F67696AA.wem</CachePath>
				</File>
			</Media>
			<Events>
				<Event Id="1589289402" Name="Amb_Start" DurationType="Infinite">
					<MediaRefs>
						<MediaRef Id="784833379"/>
						<MediaRef Id="896418579"/>
					</MediaRefs>
				</Event>
				<Event Id="729984210" Name="Amb_Stop" MaxAttenuation="0" DurationType="OneShot" DurationMin="0" DurationMax="0"/>
				<Event Id="2385628198" Name="Footsteps" DurationType="OneShot" DurationMin="1.518084" DurationMax="2.0203078">
					<MediaRefs>
						<MediaRef Id="350451266"/>
						<MediaRef Id="705319263"/>
						<MediaRef Id="852591555"/>
						<MediaRef Id="869634634"/>
						<MediaRef Id="880584842"/>
						<MediaRef Id="924631278"/>
						<MediaRef Id="961125371"/>
						<MediaRef Id="1031000500"/>
					</MediaRefs>
				</Event>
				<Event Id="3991942870" Name="Music" DurationType="Infinite">
					<MediaRefs>
						<MediaRef Id="467296681"/>
					</MediaRefs>
				</Event>
				<Event Id="3164408517" Name="UIClick" DurationType="OneShot" DurationMin="1.0889882" DurationMax="1.1159664">
					<MediaRefs>
						<MediaRef Id="91993012"/>
						<MediaRef Id="246600555"/>
						<MediaRef Id="319638098"/>
						<MediaRef Id="565391606"/>
						<MediaRef Id="931340310"/>
						<MediaRef Id="1058918853"/>
					</MediaRefs>
				</Event>
				<Event Id="4065597191" Name="UIHoverEnter" DurationType="OneShot" DurationMin="0.049904823" DurationMax="0.05132051">
					<MediaRefs>
						<MediaRef Id="319638098"/>
						<MediaRef Id="565391606"/>
						<MediaRef Id="1058918853"/>
					</MediaRefs>
				</Event>
				<Event Id="2760468271" Name="UIHoverExit" DurationType="OneShot" DurationMin="1.0390834" DurationMax="1.0646459">
					<MediaRefs>
						<MediaRef Id="91993012"/>
						<MediaRef Id="246600555"/>
						<MediaRef Id="931340310"/>
					</MediaRefs>
				</Event>
				<Event Id="1088749040" Name="Weed_Grow" MaxAttenuation="100" DurationType="OneShot" DurationMin="1.445681" DurationMax="1.6227223">
					<MediaRefs>
						<MediaRef Id="986951413"/>
					</MediaRefs>
				</Event>
				<Event Id="3822205932" Name="Weed_Pull" MaxAttenuation="100" DurationType="OneShot" DurationMin="1.3576845" DurationMax="1.5239495">
					<MediaRefs>
						<MediaRef Id="281655352"/>
					</MediaRefs>
				</Event>
			</Events>
			<SwitchGroups>
				<SwitchGroup Id="1834394558" Name="Surface">
					<Switches>
						<Switch Id="1216965916" Name="Stone"/>
					</Switches>
				</SwitchGroup>
			</SwitchGroups>
		</SoundBank>
	</SoundBanks>
	<FileHash>{0B8DEC27-39CA-BC7D-EF86-2BF38F65EB80}</FileHash>
</SoundBanksInfo>
