{
 "PlatformInfo": {
  "Platform": {
   "Name": "Windows",
   "BasePlatform": "Windows",
   "Generator": "2022.1.0.8070"
  },
  "RootPaths": {
   "ProjectRoot": "../..",
   "SourceFilesRoot": "../../.cache/Windows",
   "SoundBanksRoot": ".",
   "ExternalSourcesInputFile": "",
   "ExternalSourcesOutputRoot": "."
  },
  "DefaultAlign": "16",
  "Settings": {
   "AutoSoundBankDefinition": "false",
   "CopyLooseStreamedMediaFiles": "true",
   "SubFoldersForGeneratedFiles": "false",
   "RemoveUnusedGeneratedFiles": "true",
   "SourceControlGeneratedFiles": "false",
   "GenerateHeaderFile": "true",
   "GenerateContentTxtFile": "true",
   "GenerateMetadataXML": "true",
   "GenerateMetadataJSON": "true",
   "GenerateAllBanksMetadata": "true",
   "GeneratePerBankMetadata": "true",
   "UseSoundBankNames": "true",
   "AllowExceedingMaxSize": "false",
   "MaxAttenuationInfo": "true",
   "EstimatedDurationInfo": "true",
   "PrintObjectGuid": "false",
   "PrintObjectPath": "false"
  },
  "FileHash": "{9049C24D-D6F8-8138-636A-646B72BAD023}"
 }
}