{
 "SoundBanksInfo": {
  "Platform": "Windows",
  "BasePlatform": "Windows",
  "SchemaVersion": "16",
  "SoundBankVersion": "145",
  "RootPaths": {
   "ProjectRoot": "../..",
   "SourceFilesRoot": "../../.cache/Windows",
   "SoundBanksRoot": ".",
   "ExternalSourcesInputFile": "",
   "ExternalSourcesOutputRoot": "."
  },
  "DialogueEvents": [],
  "SoundBanks": [
   {
    "Id": "1355168291",
    "Type": "User",
    "Language": "SFX",
    "Hash": "{986487A9-2683-E47A-8688-3D0FE6FDB954}",
    "ShortName": "Init",
    "Path": "Init.bnk",
    "Plugins": {
     "AudioDevices": [
      {
       "Id": "2317455096",
       "Name": "No_Output",
       "LibName": "No Output",
       "LibId": "11862023"
      },
      {
       "Id": "3859886410",
       "Name": "System",
       "LibName": "System",
       "LibId": "11403271"
      }
     ]
    },
    "Busses": [
     {
      "Id": "3803692087",
      "Name": "Master Audio Bus"
     }
    ],
    "SwitchGroups": [
     {
      "Id": "1834394558",
      "Name": "Surface",
      "Switches": [
       {
        "Id": "1216965916",
        "Name": "Stone"
       }
      ]
     }
    ]
   },
   {
    "Id": "3161908922",
    "Type": "User",
    "Language": "SFX",
    "Hash": "{781BB8F1-7C61-F836-A315-DDD299FCBB7A}",
    "ShortName": "Main",
    "Path": "Main.bnk",
    "Media": [
     {
      "Id": "91993012",
      "Language": "SFX",
      "Streaming": "false",
      "Location": "Memory",
      "ShortName": "Menu-004.wav",
      "CachePath": "SFX/Menu-004_10C4C929.wem"
     },
     {
      "Id": "246600555",
      "Language": "SFX",
      "Streaming": "false",
      "Location": "Memory",
      "ShortName": "Menu-002.wav",
      "CachePath": "SFX/Menu-002_10C4C929.wem"
     },
     {
      "Id": "281655352",
      "Language": "SFX",
      "Streaming": "false",
      "Location": "Memory",
      "ShortName": "Weed Pull.wav",
      "CachePath": "SFX/Weed Pull_10C4C929.wem"
     },
     {
      "Id": "319638098",
      "Language": "SFX",
      "Streaming": "false",
      "Location": "Memory",
      "ShortName": "Menu-005.wav",
      "CachePath": "SFX/Menu-005_9E41D643.wem"
     },
     {
      "Id": "350451266",
      "Language": "SFX",
      "Streaming": "false",
      "Location": "Memory",
      "ShortName": "Footsteps_Stone-004.wav",
      "CachePath": "SFX/Footsteps_Stone-004_10C4C929.wem"
     },
     {
      "Id": "467296681",
      "Language": "SFX",
      "Streaming": "false",
      "Location": "Memory",
      "ShortName": "GGJ OST.wav",
      "CachePath": "SFX/GGJ OST_D79FB2B7.wem"
     },
     {
      "Id": "565391606",
      "Language": "SFX",
      "Streaming": "false",
      "Location": "Memory",
      "ShortName": "Menu-003.wav",
      "CachePath": "SFX/Menu-003_8788CF7A.wem"
     },
     {
      "Id": "705319263",
      "Language": "SFX",
      "Streaming": "false",
      "Location": "Memory",
      "ShortName": "Footsteps_Stone-003.wav",
      "CachePath": "SFX/Footsteps_Stone-003_10C4C929.wem"
     },
     {
      "Id": "784833379",
      "Language": "SFX",
      "Streaming": "false",
      "Location": "Memory",
      "ShortName": "AMBRurl_Atmos Forest Crickets Lite Birds Wind_PSE_BR-C_xR1qd.wav",
      "CachePath": "SFX/AMBRurl_Atmos Forest Crickets Lite Birds Wind_PSE_BR-C_xR1qd_9586928E.wem"
     },
     {
      "Id": "852591555",
      "Language": "SFX",
      "Streaming": "false",
      "Location": "Memory",
      "ShortName": "Footsteps_Stone-001.wav",
      "CachePath": "SFX/Footsteps_Stone-001_10C4C929.wem"
     },
     {
      "Id": "869634634",
      "Language": "SFX",
      "Streaming": "false",
      "Location": "Memory",
      "ShortName": "Footsteps_Stone-002.wav",
      "CachePath": "SFX/Footsteps_Stone-002_10C4C929.wem"
     },
     {
      "Id": "880584842",
      "Language": "SFX",
      "Streaming": "false",
      "Location": "Memory",
      "ShortName": "Footsteps_Stone-007.wav",
      "CachePath": "SFX/Footsteps_Stone-007_10C4C929.wem"
     },
     {
      "Id": "896418579",
      "Language": "SFX",
      "Streaming": "false",
      "Location": "Memory",
      "ShortName": "AMBRurl_Amb Bird Chirp_PSE_BW-BD3HL_xPX58.wav",
      "CachePath": "SFX/AMBRurl_Amb Bird Chirp_PSE_BW-BD3HL_xPX58_935CD4A5.wem"
     },
     {
      "Id": "924631278",
      "Language": "SFX",
      "Streaming": "false",
      "Location": "Memory",
      "ShortName": "Footsteps_Stone-006.wav",
      "CachePath": "SFX/Footsteps_Stone-006_10C4C929.wem"
     },
     {
      "Id": "931340310",
      "Language": "SFX",
      "Streaming": "false",
      "Location": "Memory",
      "ShortName": "Menu-006.wav",
      "CachePath": "SFX/Menu-006_10C4C929.wem"
     },
     {
      "Id": "961125371",
      "Language": "SFX",
      "Streaming": "false",
      "Location": "Memory",
      "ShortName": "Footsteps_Stone-005.wav",
      "CachePath": "SFX/Footsteps_Stone-005_10C4C929.wem"
     },
     {
      "Id": "986951413",
      "Language": "SFX",
      "Streaming": "false",
      "Location": "Memory",
      "ShortName": "Weed Grow.wav",
      "CachePath": "SFX/Weed Grow_10C4C929.wem"
     },
     {
      "Id": "1031000500",
      "Language": "SFX",
      "Streaming": "false",
      "Location": "Memory",
      "ShortName": "Footsteps_Stone-008.wav",
      "CachePath": "SFX/Footsteps_Stone-008_10C4C929.wem"
     },
     {
      "Id": "1058918853",
      "Language": "SFX",
      "Streaming": "false",
      "Location": "Memory",
      "ShortName": "Menu-001.wav",
      "CachePath": "SFX/Menu-001_F67696AA.wem"
     }
    ],
    "Events": [
     {
      "Id": "1589289402",
      "Name": "Amb_Start",
      "DurationType": "Infinite",
      "MediaRefs": [
       {
        "Id": "784833379"
       },
       {
        "Id": "896418579"
       }
      ]
     },
     {
      "Id": "729984210",
      "Name": "Amb_Stop",
      "MaxAttenuation": "0",
      "DurationType": "OneShot",
      "DurationMin": "0",
      "DurationMax": "0"
     },
     {
      "Id": "2385628198",
      "Name": "Footsteps",
      "DurationType": "OneShot",
      "DurationMin": "1.518084",
      "DurationMax": "2.0203078",
      "MediaRefs": [
       {
        "Id": "350451266"
       },
       {
        "Id": "705319263"
       },
       {
        "Id": "852591555"
       },
       {
        "Id": "869634634"
       },
       {
        "Id": "880584842"
       },
       {
        "Id": "924631278"
       },
       {
        "Id": "961125371"
       },
       {
        "Id": "1031000500"
       }
      ]
     },
     {
      "Id": "3991942870",
      "Name": "Music",
      "DurationType": "Infinite",
      "MediaRefs": [
       {
        "Id": "467296681"
       }
      ]
     },
     {
      "Id": "3164408517",
      "Name": "UIClick",
      "DurationType": "OneShot",
      "DurationMin": "1.0889882",
      "DurationMax": "1.1159664",
      "MediaRefs": [
       {
        "Id": "91993012"
       },
       {
        "Id": "246600555"
       },
       {
        "Id": "319638098"
       },
       {
        "Id": "565391606"
       },
       {
        "Id": "931340310"
       },
       {
        "Id": "1058918853"
       }
      ]
     },
     {
      "Id": "4065597191",
      "Name": "UIHoverEnter",
      "DurationType": "OneShot",
      "DurationMin": "0.049904823",
      "DurationMax": "0.05132051",
      "MediaRefs": [
       {
        "Id": "319638098"
       },
       {
        "Id": "565391606"
       },
       {
        "Id": "1058918853"
       }
      ]
     },
     {
      "Id": "2760468271",
      "Name": "UIHoverExit",
      "DurationType": "OneShot",
      "DurationMin": "1.0390834",
      "DurationMax": "1.0646459",
      "MediaRefs": [
       {
        "Id": "91993012"
       },
       {
        "Id": "246600555"
       },
       {
        "Id": "931340310"
       }
      ]
     },
     {
      "Id": "1088749040",
      "Name": "Weed_Grow",
      "MaxAttenuation": "100",
      "DurationType": "OneShot",
      "DurationMin": "1.445681",
      "DurationMax": "1.6227223",
      "MediaRefs": [
       {
        "Id": "986951413"
       }
      ]
     },
     {
      "Id": "3822205932",
      "Name": "Weed_Pull",
      "MaxAttenuation": "100",
      "DurationType": "OneShot",
      "DurationMin": "1.3576845",
      "DurationMax": "1.5239495",
      "MediaRefs": [
       {
        "Id": "281655352"
       }
      ]
     }
    ],
    "SwitchGroups": [
     {
      "Id": "1834394558",
      "Name": "Surface",
      "Switches": [
       {
        "Id": "1216965916",
        "Name": "Stone"
       }
      ]
     }
    ]
   }
  ],
  "FileHash": "{C55874AB-52CC-4082-C4DF-8D71A548E263}"
 }
}