<?xml version="1.0" encoding="utf-8"?>
<ProjectInfo>
	<Project Name="FGFWD_WwiseProject" GUID="{5ACAE14B-F6DF-48E1-B501-59976CB515E5}" Generator="2022.1.0.8070"/>
	<CacheRoot>../../../../FGFWD_WwiseProject/.cache</CacheRoot>
	<Platforms>
		<Platform Name="Mac" GUID="{3620E471-24BC-431B-9BB0-299C0083F419}" BasePlatform="Mac" BasePlatformGUID="{9C6217D5-DD11-4795-87C1-6CE02853C540}" Path="../../../../FGFWD_WwiseProject/GeneratedSoundBanks/Mac"/>
		<Platform Name="Windows" GUID="{0E4F6253-96F4-4594-AFD6-81F4C0E4A53E}" BasePlatform="Windows" BasePlatformGUID="{6E0CB257-C6C8-4C5C-8366-2740DFC441EB}" Path="../../../../FGFWD_WwiseProject/GeneratedSoundBanks/Windows"/>
	</Platforms>
	<Languages>
		<Language Name="English(US)" Id="684519430" GUID="{3585BC04-FC5F-4586-B6E1-D340ABF81214}" Default="true" UseAsStandIn="true"/>
	</Languages>
	<FileHash>{81707C6A-B4DE-FBA4-3051-AFEBE53B3D6D}</FileHash>
</ProjectInfo>
